Left,Term,Right
train at BAU in Mymensingh ,protesters, block Shahbagh for 2nd day
highway 10km gridlock Antiquota movement ,protesters, demonstrate at Shahbagh for the
it an endless battle Antiquota ,protesters, lift Shahbagh blockade announce Bangla
mass contact campaign Quota movement ,protesters, announce Bangla Blockade on Sunday
quota movements Quader Antiquota movement ,protesters, block Shahbagh InterContinental hotel intersections
highway for cancelling quota Antiquota ,protesters, hold Bangla Blockade today Antiquota
to continue on Monday Antiquota ,protesters, play football on empty Dhaka
minister Antiquota movement AG urges ,protesters, to have patience over subjudice
pension Antiquota movement Quader asks ,protesters, to wait for courts final
courts final verdict Antiquota movement ,protesters, block Shahbagh other roads Antiquota
Shahbagh other roads Antiquota movement ,protesters, begin procession from DU central
or not Rajshahi University Antiquota ,protesters, block DhakaRajshahi rail route AntiQuota
DhakaRajshahi rail route AntiQuota movement ,protesters, announce mass campaign program Tuesday
Blockade Commuters suffer as quota ,protesters, halt traffic in Gulistan Bangla
Antiquota movement Attorney General urges ,protesters, to be patient Bangla Blockade
solution from govt Bangla Blockade ,protesters, block several intersections in city
Science Lab intersection Quota reform ,protesters, say blockade will continue Bangla
sees passenger surge as antiquota ,protesters, block Dhaka roads Duet students
after 2hour sitin Antiquota movement ,protesters, reject Supreme Court order vows
to continue protest Antiquota movement ,protesters, block DhakaChittagong highway braving rain
Bangla Blockade Traffic halted as ,protesters, block Science Lab Third day
movement Police charge batons at ,protesters, in Chattogram HC verdict published
police barricade Quota reform movement ,protesters, in front of library BCL
police Antiquota movement DMP requests ,protesters, not to take to streets
injured as police clash with ,protesters, Protesters demand emergency parliamentary session
as police clash with protesters ,protesters, demand emergency parliamentary session to
Police showed patience to quota ,protesters, in Shahbagh Journos allegedly attacked
movement 10 injured as police ,protesters, clash in SAU Bangla Blockade
Zero Point Shahbagh trembling with ,protesters, slogans amid tense standoff Home
Police to take action if ,protesters, cross limit Police deployed across
League 20 injured in policequota ,protesters, clash in Comilla Quader slams
door always open for antiquota ,protesters, Antiquota movement What do protesters
protesters Antiquota movement What do ,protesters, actually want Quota reform What
to gain advantage Quota Movement ,protesters, call for coordination meeting Quota
block Shahbagh intersection DMP urges ,protesters, to respect court rulings on
in changing demands of quota ,protesters, Students should stop their movement
the judicial process Antiquota movement ,protesters, to march towards Bangabhaban Antiquota
Quota reinstatement Case filed against ,protesters, at Shahbagh police station Quota
on quota Quota reform movement ,protesters, demand visible steps within 24
within 24 hrs Quota reform ,protesters, present memorandum to president Quota
Shikkha Odhikar Chottor Quota reform ,protesters, march toward Bangabhaban BCL leaders
Home Minister Case against quota ,protesters, could be dropped if found
be dropped if found meritless ,protesters, issue 24hr ultimatum to reform
Antiquota movement Case filed against ,protesters, for attacking journos Quota reform
at Bangabhaban Quota reform movement ,protesters, announce new programme Prime ministers
movement 24 eminent citizens condemn ,protesters, slogans Quota reform movement Clash
PMs remark Quota reform movement ,protesters, bring out procession against BCL
several spots of DU Quota ,protesters, BCL lock in clash at
towards Raju Sculpture Quota reform ,protesters, gathering at TSC area Quota
gathering at TSC area Quota ,protesters, call demo at 12pm BCL
sitin at 3pm Quota reform ,protesters, attacked by BCL at JU
JU BCL attacks quota reform ,protesters, at SUST Fakhrul condemns govt
unleashing Chhatra League cadres against ,protesters, Quota reform protesters to hold
cadres against protesters Quota reform ,protesters, to hold rallies nationwide on
condemn Razakar slogans by quota ,protesters, Study Antiliberation elements out to
DU clash Injured quota reform ,protesters, attacked again at DMCH Clashes
on students Chhatra League Quota ,protesters, attacked DU students who refused
220 injured as Chhtra League ,protesters, clash over PMs quota remarks
220 injured as Chhtra League ,protesters, clash over PMs quota remarks
men allegedly attack quota reform ,protesters, in Jessore Quader Upholding Razakar
100 injured in clash between ,protesters, Chhatra League Students demand PM
withdraw comment on quota reform ,protesters, PM slams quota reform protesters
protesters PM slams quota reform ,protesters, for calling themselves Razakars in
injured as Chhatra League attacks ,protesters, at CU Quota reform Students
country Quota reform movement 5 ,protesters, shot over 100 injured in
extends support to quota reform ,protesters, BGB deployed in Dhaka Chattogram
BCLJubo League clash with quota ,protesters, at Science Lab Quota protestors
Chankharpool 4 shot Quota reform ,protesters, gathering at Shaheed Minar Quota
denounce attacks on quota reform ,protesters, Students beaten up inside JU
of night BCL attacks quota ,protesters, at JU more than 50
in alleged attack by quota ,protesters, Quota movement Educational institutions shut
movement of students Quota reform ,protesters, vandalize 4 motorcycles in Coxs
on edge as quota reform ,protesters, Chhatra League take positions Quota
station Quota reform Chhatra League ,protesters, clash in Science Lab area
dead dozens injured Quota reform ,protesters, block DhakaTangail highway disrupting traffic
gather at DU Quota reform ,protesters, block railway tracks in Mohakhali
Faridpur Attack on students Quota ,protesters, block KhulnaJessore Highway Protest showdown
condemns violence against quota reform ,protesters, in Bangladesh Who is the
Chhatra League men attack JU ,protesters, at VCs residence What should
govt to engage with student ,protesters, 6 sustain pellet wounds in
clash with police Dhaka University ,protesters, hold coffin procession police use
League at Shahbagh Quota reform ,protesters, block DhakaChattogram highway at Shanir
students injured Quota reform movement ,protesters, announce new progs Nearly 50
tear gas in response to ,protesters, attacks UN Human Rights chief
authorities to engage with student ,protesters, Quota reform movement 21 injured
injured receive treatment at DMCH ,protesters, seize weapons drugs from Shahparan
hall at Sust Quota movement ,protesters, announce nationwide complete shutdown Thursday
out in JU Quota movement ,protesters, occupy JnU oust Chhatra League
notice to teachers Quota reform ,protesters, blockade roadrail clash breaks out
dorms 4 held as quota ,protesters, attempt to hold sitin demo
violence against demonstrators Quota movement ,protesters, find weapons in RU dorm
in attack on quota reform ,protesters, in Munshiganj Quota reform protests
calls on Dhaka to protect ,protesters, against any form of threat
injured in attacks by quota ,protesters, Quota reform protesters to hold
by quota protesters Quota reform ,protesters, to hold absentee funeral prayers
in Uttara Quota reform movement ,protesters, foil AL rally in Mirpur
out between police RAB and ,protesters, in Uttara Police protesters clash
and protesters in Uttara Police ,protesters, clash at Mirpur 10 chasecounter
going on Quota reform movement ,protesters, clash with police in Chattogram
reform Mowchak intersection blocked by ,protesters, Hundreds injured in clashes with
July 21 23 25 postponed ,protesters, set BTV ablaze in Rampura
hundreds injured in Uttara clashes ,protesters, weigh next steps following govt
to sit with quota reform ,protesters, Clashes in Badda Rampura leave
box 2 buses vandalized Quota ,protesters, block DhakaAricha Highway in Manikganj
block DhakaAricha Highway in Manikganj ,protesters, gather on DhakaChittagong highway traffic
plaza booths set on fire ,protesters, police clash in capitals Uttara
in capital Quota protest Police ,protesters, clash at Uttara road blocked
Beribadh Quota reform movement Police ,protesters, clash at Merul Badda 2
of quota system Government meets ,protesters, demands Disclose details about crackdown
Police used lethal weapons against ,protesters, Amnesty Indian foreign ministry briefing
11 more cases against unnamed ,protesters, JU teacher resigns in protest
killed by bullets fired by ,protesters, say police Curfew extended relaxed
15 injured in attack on ,protesters, at Barishal Uni demonstrations at
HC on video of quota ,protesters, being fed in DB office
families soon Quota movement 23 ,protesters, detained from different parts of
victims Fact check Rumours of ,protesters, gathering in Mirpur false APUB
over recent violence Police detain ,protesters, at Purana Paltan Rampage in
mouths with red clothes Quota ,protesters, announce March for Justice on
Justice on Wednesday Attack on ,protesters, JnU students express anger regarding
tear gas shells sound grenades ,protesters, take positions at Doyel Chattar
clashes Remembering Our Heroes Student ,protesters, announce nationwide campaign for Thursday
March for Justice Police disperse ,protesters, charging batons in Thakurgaon Quader
Police clamp down on student ,protesters, in Jessore several detained Police
over quota movement get bail ,protesters, clash with police Chhatra League
Chattogram amid rain Student agitation ,protesters, block Science Lab intersection Didnt
officers families at Mirpur DOHS ,protesters, declare Total noncooperation movement from
killed in Khulna clash with ,protesters, Rain not a barrier to
injured in clash between police ,protesters, in Sylhet Musicians to host
erupts in Uttara Quota movement ,protesters, block Shahbagh intersection Chhatra League
back the students Quota movement ,protesters, announce prayers processions for Friday
after caught in Gazipur clashes ,protesters, take position in Shahbagh Education
bullets one referred to Dhaka ,protesters, clash with police in Bogura
thorough investigation into killings violence ,protesters, block Mirpur10 Uttara Protesters gather
violence Protesters block Mirpur10 Uttara ,protesters, gather on DhakaChattogram highway vehicular
police at Science Lab intersection ,protesters, gather chant slogans at Shaheed
East West University road blocked ,protesters, confront AL activists in Cumilla
Procession begins at Science Lab ,protesters, chant slogans Arrests cross 11000
Khosru vandalized doused in Chittagong ,protesters, clash with police in Bogra
killed in clash between police ,protesters, in Gazipur Police boxes vandalized
across Barisal amid adverse weather ,protesters, demand govts resignation reject PMs
amid heavy rain in Sylhet ,protesters, hold procession for justice at
13 injured in clash between ,protesters, and Awami League activists in
15 injured in clash between ,protesters, Chhatra League in Tangail Student
human rights situation in Bangladesh ,protesters, issue urgent directives for noncooperation
urgent directives for noncooperation movement ,protesters, block DhakaAricha highway Protesters leave
movement Protesters block DhakaAricha highway ,protesters, leave street after 4hr demo
over killing of Abu Sayed ,protesters, form 158member coordination team Parents
to sit with quota movement ,protesters, Student movement Police on high
League men open fire chase ,protesters, at Dhanmondi Rd 207 Clashes
positions on different city streets ,protesters, clash with police in Sylhet
several injured in Rangpur clash ,protesters, block DhakaAricha highway 7 shot
assaulted in Dhanmondi Student movement ,protesters, take position in front of
Mobile internet shut down again ,protesters, police Awami League clash in
Uttaras Azampur Clash ensues between ,protesters, and Awami League men in
calm Tarique Rahman congratulates students ,protesters, Mass celebrations erupt in Dhaka
plans to depart for London ,protesters, heading towards Dhaka from Narayanganj
sanctions on Quader Kamal Gopalganj ,protesters, torch army vehicle Metro rail
internet blackout during quota protest ,protesters, demand Syed Refaat to be
discriminationfree Bangladesh Antiquota protest BAU ,students, stage demo by halting train
train movement Quota movement JU ,students, block highway for 2nd day
2nd day Protest against quota ,students, block Shahbagh for 2nd day
Antiquota movement Now Comilla Uni ,students, block DhakaCtg highway 10km gridlock
movement spreads Quota reinstatement University ,students, announce class exam boycott Nur
infiltrated student teacher movements JnU ,students, block Ray Shaheb Bazar intersection
fill Shahbagh Quota reinstatement CoU ,students, block DhakaChittagong highway Quota reinstatement
DhakaChittagong highway Quota reinstatement BU ,students, block DhakaBarisal highway Quota reinstatement
DhakaBarisal highway Quota reinstatement RU ,students, take position on DhakaRajshahi highway
DhakaRajshahi highway Quota reinstatement JU ,students, block DhakaAricha highway Quota reinstatement
DhakaAricha highway Quota reinstatement DU ,students, start gather at Shahbagh Dhaka
from hall Quota movement JU ,students, form human chain Antiquota movement
Dal extends support to protesting ,students, Confusion leads to antiquota movement
blockade announce Bangla Blockade tomorrow ,students, block DhakaTangail highway demanding quota
quota cancellation Quota movement JU ,students, hold mass contact campaign Quota
on Sunday Quota movement RU ,students, block DhakaRajshahi highway for second
second day Quota reinstatement MBSTU ,students, block DhakaTangail Highway Antiquota movement
intersections Antiquota protest Dhaka College ,students, block Science Lab intersection No
Hasina says on quota JU ,students, block DhakaAricha highway for cancelling
traffic jam Bangla Blockade DU ,students, block Shahbagh intersection to protest
Traffic halted as Dhaka College ,students, gather at Science Lab intersection
gather at Science Lab intersection ,students, block DhakaBarisal Highway to protest
movement unjustified Bangla Blockade JU ,students, block DhakaAricha highway Debating clubs
campaign program Tuesday Bangla Blockade ,students, in shrouds and chains demand
Gulistan Bangla Blockade Rangpur university ,students, stage protest halt traffic movement
halt traffic movement Bangla Blockade ,students, to remain on DhakaChittagong highway
till 8pm Bangla Blockade BAU ,students, block DhakaMymensingh railway Bangla Blockade
DhakaMymensingh railway Bangla Blockade JnU ,students, block Zero Point in Gulistan
be patient Bangla Blockade JU ,students, block DhakaAricha highway boycotting classes
Bangla Blockade Traffic halted as ,students, block major roads in Dhaka
ministers hold closeddoor meeting RU ,students, block railway to demand quota
relation with petition of 2 ,students, Antiquota movement Protestors announce daylong
on petition of two DU ,students, against verdict tomorrow Two DU
against verdict tomorrow Two DU ,students, file petition against HC verdict
issue legally Bangla Blockade JU ,students, continue to block DhakaAricha highway
reinstatement Barisal University BM College ,students, hold blockade program Antiquota movement
from Wednesday Antiquota movement RU ,students, stage sitin Quota reinstatement Law
now before Supreme Court Buet ,students, form human chain demanding quota
chain demanding quota reform DU ,students, challenge HC ruling on quota
Blockade to continue tomorrow as ,students, left Shahbagh after 8hrs Quota
continue Bangla Blockade Barisal University ,students, block highway for 4hrs Home
4hrs Home Minister urges agitating ,students, to accept courts directive on
five hours Bangla blockade JnU ,students, block Gulistan Zero point intersection
takes autorickshaw Antiquota movement MBSTU ,students, block TangailNagarpurAricha road Bangla Blockade
road Bangla Blockade RU Ruet ,students, block DhakaRajshahi highway Antiquota blockades
protesters block Dhaka roads Duet ,students, protest in Gazipur block DhakaMymensingh
movement in Dhaka halted as ,students, block rail tracks With quota
set for August Quader urges ,students, to end protests Proquota groups
braving rain Bangla Blockade JU ,students, block DhakaAricha highway for fourth
DhakaAricha highway for fourth day ,students, urged to return to classes
Third day of Bangla Blockade ,students, rally at Shahbagh for quota
can change ratio Quader urges ,students, not to create public sufferings
public sufferings Quota reform movement ,students, are crossing limit Home minister
Chase and counter chase between ,students, and police Antiquota movement DMP
logical demand Bangla Blockade JU ,students, block DhakaAricha highway defying police
in SAU Bangla Blockade BU ,students, block BarisalKuakata highway Sust students
students block BarisalKuakata highway Sust ,students, block highway ignoring police obstruction
Police baton charge on protesting ,students, in Chittagong Quota movement UGC
Chittagong Quota movement UGC advises ,students, to follow court directives Students
students to follow court directives ,students, suspend Bangla Blockade in Science
Fears of clash between DU ,students, Chhatra League Bangla Blockade Police
Bangla Blockade Police block JnU ,students, protest at Zero Point Shahbagh
Dhaka to thwart Bangla Blockade ,students, gather in DU braving rain
Quader A political quarter inciting ,students, to gain advantage Quota Movement
coordination meeting Quota Movement JnU ,students, stage protest rally Quota reform
protest rally Quota reform RU ,students, block railway for over 4hrs
for over 4hrs Quota reform ,students, again block Shahbagh intersection DMP
changing demands of quota protesters ,students, should stop their movement Home
movement Home minister Quota movement ,students, to hold mass march place
League initiates program to get ,students, views on quota PM Hasina
making evil effort to divert ,students, antiquota movement Quader Bangladesh has
Shahbagh police station Quota protests ,students, stage protests on DU campus
memorandum to president Quota reform ,students, take position at Gulistan police
University halls Quota reform protests ,students, submit memorandum to DC in
on Friday Begum Rokeya University ,students, protest for quota reforms High
to reform quota system JU ,students, stage protest rally demanding quota
for attacking journos Quota reform ,students, submit memorandum at Bangabhaban Quota
to DMCH Quota reform movement ,students, demonstrate in protest of PMs
reform movement BCL attacks demonstrating ,students, at several spots of DU
Dhaka University Quota reform movement ,students, block BaddaNotun Bazar intersection Protestors
out attack on Eden College ,students, heading towards Raju Sculpture Quota
as Chhatra League attacks protesting ,students, at BRUR in Rangpur Hasan
Hasan Efforts on to turn ,students, protest into antistate movement 20
injured in clash between JU ,students, Chhatra League DU clash Injured
in quota protests exposed Sust ,students, stage demo protesting Chhatra Leagues
protesting Chhatra Leagues attack on ,students, Chhatra League Quota protesters attacked
League Quota protesters attacked DU ,students, who refused to join rallies
a Razakar 6 Eden College ,students, injured in alleged Chhatra League
clash between protesters Chhatra League ,students, demand PM withdraw comment on
chants Quota reform movement UIU ,students, block road in Natun Bazar
to be dealt with firmly ,students, gather at DU to protest
of Chhatra League attack on ,students, 2 injured as Chhatra League
protesters at CU Quota reform ,students, across Bangladesh take to streets
can fuel violence Foreign ministry ,students, block railway line in Dhaka
of student protest Quota reform ,students, stage countrywide demonstration blockade protesting
BRAC and North South University ,students, block road protest BCL to
attacks on quota reform protesters ,students, beaten up inside JU VC
motorcycles torched Quota movement 3 ,students, injured in Tangail clash Quota
2 motorcycles torched Quota movement ,students, vacate Shapla Chattar after 4hr
4hr protest Quota movement Sust ,students, block SylhetSunamganj road Quota reform
at DMCH Quota movement 3 ,students, shot injured in clash at
peaceful quota reform movement of ,students, Quota reform protesters vandalize 4
Coxs Bazar Quota reform Protesting ,students, block roads in Mymensingh Quota
in Chittagong Chhatra Leagueprotester clash ,students, from nearby colleges join quota
quota reforms Quota reform 4 ,students, shot injured in clash at
Tension rises at JnU as ,students, hold protest march Violent clashes
movement Quota reform movement Four ,students, injured in crude bomb attack
block railway tracks in Mohakhali ,students, disrupt rail road traffic in
unverified claims Quota reform Two ,students, injured in alleged Chhatra League
in Faridpur Quota reform Two ,students, injured in alleged Chhatra League
attack in Faridpur Attack on ,students, Quota protesters block KhulnaJessore Highway
nationwide Quota reform Private university ,students, block major roads in Dhaka
govt should protect demonstrators UN ,students, clash with police at Jahangirnagar
at Jahangirnagar University Dhaka University ,students, leave campus after clash with
attackers were outsiders 2030 female ,students, injured Quota reform movement Protesters
protest violence Quota movement CU ,students, defy evacuation order amid campus
out in DU again DU ,students, issue symbolic eviction notice to
DU teachers protest attacks on ,students, across Bangladesh Students hold absentee
attacks on students across Bangladesh ,students, hold absentee funeral at DUs
Wednesday evening Quota reform ULAB ,students, allegedly attacked in Mohammadpur JnU
Comilla University closes amid protests ,students, refuse to leave dorms 4
Traffic halted for 2hrs as ,students, block DhakaTangail highway Students blockade
as students block DhakaTangail highway ,students, blockade highway in Ashulia to
express solidarity on social media ,students, vacate dorms as Rokeya University
Quader says Sust closed indefinitely ,students, asked to vacate dorms Quota
vacate dorms Quota reform movement ,students, block roads in Narayanganj DU
DU Nilkhet entrance barricaded; only ,students, teachers allowed entry 15 Chhatra
thrown from sixstorey building JnU ,students, told to vacate hall by
simmers as DU closed indefinitely ,students, asked to vacate dorms JU
asked to vacate dorms JU ,students, told to vacate halls by
president general secretary vandalized RU ,students, told to vacate halls by
ready to sit with protesting ,students, Law minister Quota reform movement
in Dhanmondi clash CU female ,students, refuse to vacate dorms amid
Clashes erupt in Dhanmondi 10 ,students, injured in quota reform protest
numbers for medical emergencies 2 ,students, file leave to appeal petition
in Rajshahi clash APUB urges ,students, to shun violence amid quota
continue in Jatrabari Shonir Akhra ,students, claim 2 from JnU detained
police box set ablaze Sust ,students, police injured in clash Clash
violence Time extended as CU ,students, refuse to leave halls Full
clash at Merul Badda 2 ,students, shot dead in clash with
offices open today 155 foreign ,students, leave Sylhet amid ongoing unrest
security forces of targeting unarmed ,students, Broadband internet restored in limited
